{"Arapaho": {"track1": {"ctc": {"batch_size": 71.0, "dropout": 0.1151927332041514, "hidden_size": 357.0, "num_layers": 2.0, "scheduler_gamma": 0.917467364751562}, "morph": {"batch_size": 87.0, "dropout": 0.4423897083267258, "hidden_size": 394.0, "num_layers": 1.0, "scheduler_gamma": 0.9836351364712166}}, "track2": {"ctc": {"batch_size": 88.0, "dropout": 0.1167802247458945, "hidden_size": 325.0, "num_layers": 2.0, "scheduler_gamma": 0.9566597752574963}, "morph": {"batch_size": 125.0, "dropout": 0.0868927010403259, "hidden_size": 68.0, "num_layers": 2.0, "scheduler_gamma": 0.954554561674584}}}, "Gitksan": {"track1": {"ctc": {"batch_size": 5.0, "dropout": 0.1697451531017503, "hidden_size": 322.0, "num_layers": 1.0, "scheduler_gamma": 0.9890997581385385}, "morph": {"batch_size": 12.0, "dropout":0.4744576994367518, "hidden_size": 475.0, "num_layers": 1.0, "scheduler_gamma": 0.9302945088617448}}, "track2": {"ctc": {"batch_size": 2.0, "dropout": 0.034377701974957, "hidden_size": 73.0, "num_layers": 1.0, "scheduler_gamma": 0.9189429848450568}, "morph": {"batch_size": 2.0, "dropout": 0.0030192007772908, "hidden_size": 512.0, "num_layers": 1.0, "scheduler_gamma": 0.96347493210117}}}, "Lezgi": {"track1": {"ctc": {"batch_size": 23.0, "dropout": 0.4706425126055699, "hidden_size": 481.0, "num_layers": 1.0, "scheduler_gamma": 0.9894860554825814}, "morph": {"batch_size": 49.0, "dropout": 0.1359179429315918, "hidden_size": 302.0, "num_layers": 1.0, "scheduler_gamma": 0.9342817810115022}}, "track2": {"ctc": {"batch_size": 11.0, "dropout": 0.2051974294912814, "hidden_size": 193.0, "num_layers": 1.0, "scheduler_gamma": 0.9340633959846972}, "morph": {"batch_size": 35.0, "dropout": 0.412169926412756, "hidden_size": 243.0, "num_layers": 1.0, "scheduler_gamma": 0.962808509430628}}}, "Natugu": {"track1": {"ctc": {"batch_size": 4.0, "dropout": 0.1075892989862434, "hidden_size": 115.0, "num_layers": 2.0, "scheduler_gamma": 0.9538996030133596}, "morph": {"batch_size": 9.0, "dropout": 0.3789831309943389, "hidden_size": 249.0, "num_layers": 1.0, "scheduler_gamma": 0.921639734451433}}, "track2": {"ctc": {"batch_size": 34.0, "dropout": 0.4240520621948846, "hidden_size": 415.0, "num_layers": 2.0, "scheduler_gamma": 0.9642189850212344}, "morph": {"batch_size": 7.0, "dropout": 0.481129074951891, "hidden_size": 77.0, "num_layers": 1.0, "scheduler_gamma": 0.9968762257150208}}}, "Nyangbo": {"track1": {"ctc": {"batch_size": 31.0, "dropout": 0.0195587337684138, "hidden_size": 427.0, "num_layers": 2.0, "scheduler_gamma": 0.910343324700629}, "morph": {"batch_size": 37.0, "dropout": 0.1896144653956691, "hidden_size": 425.0, "num_layers": 2.0, "scheduler_gamma": 0.9449798769606876}}, "track2": {"ctc": {"batch_size": 11.0, "dropout": 0.0330613145464595, "hidden_size": 150.0, "num_layers": 2.0, "scheduler_gamma": 0.921930506995939}, "morph": {"batch_size": 37.0, "dropout": 0.3574110517235603, "hidden_size": 250.0, "num_layers": 2.0, "scheduler_gamma": 0.9423225284916787}}}, "Tsez": {"track1": {"ctc": {"batch_size": 54.0, "dropout": 0.4422535671017109, "hidden_size": 351.0, "num_layers": 2.0, "scheduler_gamma": 0.9420585282830244}, "morph": {"batch_size": 54.0, "dropout": 0.40384809923590453, "hidden_size": 490.0, "num_layers": 2.0, "scheduler_gamma": 0.9265259112344613}}, "track2": {"ctc": {"batch_size": 10.0, "dropout": 0.4671614524608681, "hidden_size": 301.0, "num_layers": 2.0, "scheduler_gamma": 0.9387243441443688}, "morph": {"batch_size": 27.0, "dropout": 0.4535326126712851, "hidden_size": 81.0, "num_layers": 2.0, "scheduler_gamma": 0.9069922996121778}}}, "Uspanteko": {"track1": {"ctc": {"batch_size": 103.0, "dropout": 0.3040000436473645, "hidden_size": 257.0, "num_layers": 2.0, "scheduler_gamma": 0.9200013160838698}, "morph": {"batch_size": 68.0, "dropout": 0.22056163889693092, "hidden_size": 381.0, "num_layers": 1.0, "scheduler_gamma": 0.9049844520132149}}, "track2": {"ctc": {"batch_size": 101.0, "dropout": 0.4966951779612389, "hidden_size": 459.0, "num_layers": 2.0, "scheduler_gamma": 0.9368800620844272}, "morph": {"batch_size": 92.0, "dropout": 0.0259351458016847, "hidden_size": 76.0, "num_layers": 1.0, "scheduler_gamma": 0.9006432143221723}}}}
